state,age,dx,bsn,exc,exposure,exc_r,bsn_r,mx
Alabama,0,1810,1945.650262100558,-135.6502621005579,2541972.8637919235,-5.336416609035121,76.54095328138884,71.20453667235371
Alabama,15,2195,1961.7716521542134,233.22834784578666,1675792.1019849419,13.917498928986024,117.06533583912555,130.98283476811156
Alabama,25,4436,3510.4326841835027,925.5673158164974,1578384.2600958247,58.64017649037539,222.40672141335102,281.0468979037264
Alabama,35,7066,5420.817405541689,1645.1825944583106,1650750.3764544833,99.66271205655387,328.3850473615906,428.04775941814444
Alabama,45,12632,10747.929231396505,1884.0707686034953,1677230.4599589324,112.33225329389902,640.814097286289,753.146350580188
Alabama,55,27909,24317.101722182735,3591.8982778172644,1802893.2313483916,199.22967236006915,1348.7821297102475,1548.0118020703167
Alabama,65,42266,34969.31020013566,7296.68979986434,1436424.3100616017,507.975933625867,2434.4693942583012,2942.4453278841684
Alabama,75,47127,40368.96828123192,6758.031718768075,709166.8015058179,952.9537626998791,5692.450379165238,6645.404141865118
Alabama,85,42353,39682.801617073215,2670.1983829267874,297058.62765229295,898.879256269996,13358.575689483736,14257.45494575373
Alaska,0,250,287.5454155907539,-37.54541559075394,542456.9993155373,-6.9213625482071555,53.00796486238977,46.08660231418262
Alaska,15,385,333.70655254177797,51.29344745822201,285510.2457221082,17.965536518134893,116.88076261423559,134.8462991323705
Alaska,25,782,624.1370391919709,157.86296080802913,349610.22450376453,45.153988568869586,178.52368021497904,223.67766878384862
Alaska,35,963,631.8305620171416,331.1694379828585,297877.60506502393,111.17634637574291,212.11079694266334,323.2871433184062
Alaska,45,1309,1097.2886929399674,211.71130706003254,218868.70636550308,96.72982061971072,501.34562914971207,598.0754497694229
Alaska,55,2675,2220.5430254148855,454.45697458511444,231145.82067077345,196.61050901387847,960.6676075608818,1157.2781165747604
Alaska,65,3672,2779.285120592906,892.7148794070941,178743.20533880903,499.43989631099356,1554.9039278582652,2054.343824169259
Alaska,75,3474,2634.0698772678093,839.9301227321907,76238.45174537988,1101.7145593897653,3455.0411465136244,4556.75570590339
Alaska,85,2815,2351.3329134427872,463.66708655721294,28917.235455167694,1603.4281260256248,8131.250710629702,9734.678836655326
Arizona,0,1958.0421559340539,2096.7064389512093,-138.66428301715538,5174336.428473648,-2.6798466805155012,40.52126234802453,37.841415667509025
Arizona,15,3114.0676300445148,2493.7944646337896,620.2731654107254,3103675.814510609,19.98511450554093,80.34970833534088,100.3348228408818
Arizona,25,6335.145651084815,4406.7583724208225,1928.3872786639922,3011320.602327173,64.03792665496059,146.33972779302354,210.37765444798416
Arizona,35,8627.186862781613,5533.712563561103,3093.4742992205097,2732725.2635181383,113.20107222333573,202.49794728493654,315.6990195082723
Arizona,45,13695.29039114016,10547.842080663508,3147.448310476653,2732259.754277892,115.19579372161455,386.04829076550203,501.2440844871166
Arizona,55,28901.63560478934,22595.22737399465,6306.4082307946865,3178645.8822724163,198.39920722110227,710.8444353619317,909.2436425830341
Arizona,65,47489.0725661275,35661.362923447174,11827.709642680325,2758512.069815195,428.77135728728985,1292.775308604551,1721.5466658918408
Arizona,75,59258.29013853574,45477.297254973375,13780.992883562361,1283013.7624914441,1074.1110724176087,3544.5681554235584,4618.679227841167
Arizona,85,59090.268999562264,52140.00559335436,6950.263406207907,481314.77344284736,1444.0162217528941,10832.828840967542,12276.845062720437
Arkansas,0,1162.034240275866,1213.2081974545035,-51.173957178637636,1735271.3422313484,-2.949046407510778,69.91461035105121,66.96556394354045
Arkansas,15,1268.0412873573796,1136.9493964716492,131.09189088573044,1109710.4784394251,11.813161489660228,102.45459681254248,114.26775830220271
Arkansas,25,2331.0671239722446,1787.625139922758,543.4419840494866,1015694.7399041753,53.50445982429299,176.0002360641751,229.5046958884681
Arkansas,35,3995.098727903181,2965.1798719826807,1029.9188559205004,1073498.1752224504,95.94043843689633,276.21657310858825,372.1570115454846
Arkansas,45,7200.1918399456035,6148.242032487802,1051.9498074578014,1052925.4353182751,99.90734122020912,583.9199839093383,683.8273251295474
Arkansas,55,16380.423251394091,14036.571251038922,2343.852000355171,1154526.5523613964,203.01412692165485,1215.78591868064,1418.8000456022946
Arkansas,65,25184.64421843307,20500.742601884267,4683.901616548804,909117.3613963039,515.2141863570671,2255.016070796117,2770.230257153184
Arkansas,75,28836.762440488288,24534.536061665647,4302.226378822641,444532.1067761807,967.8100441435126,5519.182009055343,6486.992053198855
Arkansas,85,26663.736870230277,24545.43017609177,2118.3066941385073,184578.28473648184,1147.6467544179234,13298.113703426552,14445.760457844475
California,0,7445.4451534390155,8147.324841806672,-701.8796883676571,25121205.488021903,-2.7939729592288947,32.43206161301223,29.63808865378333
California,15,10909.672454845839,8776.241145384733,2133.4313094611075,15240299.510609172,13.998617992881112,57.585752427472706,71.5843704203538
California,25,23730.427449729374,16039.33726570313,7691.090184026244,18254931.627652295,42.1315748582476,87.86303664598219,129.9946115042298
California,35,33126.00781085188,21996.298429531045,11129.70938132083,15687589.485968515,70.94594992605843,140.21464833207958,211.16059825813804
California,45,56579.42811864422,45768.94039988915,10810.487718755065,14008820.93155373,77.16914772181376,326.71515057201094,403.88429829382466
California,55,120622.26101444913,100976.55416460575,19645.70684984338,13792447.237508556,142.43815119638006,732.1148482627509,874.5529994591311
California,65,180080.68642250556,143915.37119839364,36165.315224111924,10412203.930184804,347.3358327075143,1382.179720675518,1729.5155533830325
California,75,219089.8590852057,182011.13838973796,37078.72069546775,5282160.67008898,701.961242970732,3445.7705805959877,4147.73182356672
California,85,292362.2124903293,267644.30342394795,24717.909066381388,2410958.717316906,1025.23153502559,11101.156627094902,12126.38816212049
Colorado,0,1421.0133944720808,1433.206361400162,-12.192966928081063,3180395.289527721,-0.3833789770796599,45.06378078597233,44.68040180889266
Colorado,15,2205.0236877202906,1762.413967456966,442.6097202633247,2021662.566735113,21.893352903997126,87.17646537340696,109.06981827740408
Colorado,25,4474.050856315173,3344.4976538891856,1129.5532024259878,2090619.9445585215,54.02958129075521,159.97635833305162,214.00593962380682
Colorado,35,5929.074648064878,4123.482530641432,1805.5921174234456,1997667.5154004106,90.38501670091654,206.41485626875829,296.7998729696748
Colorado,45,8642.11207256408,7307.570108967908,1334.541963596171,1827542.932238193,73.02383654329569,399.8576438375826,472.8814803808784
Colorado,55,17731.245143284348,16002.215577213368,1729.029566070979,1714295.8021902805,100.85946450209315,933.4570823056348,1034.316546807728
Colorado,65,27969.40367994458,22542.333559959683,5427.070119984894,1304019.3778234087,416.18017433478906,1728.6808726405586,2144.8610469753476
Colorado,75,33175.487990430905,27488.835105743125,5686.652884687777,612268.2286105407,928.7845782220091,4489.671980550957,5418.456558772966
Colorado,85,39616.588527203676,37590.476138728176,2026.1123884754995,273340.64407939767,741.2408042350891,13752.245395239946,14493.486199475035
Connecticut,0,609.0337312875746,646.6843197982521,-37.65058851067747,1951177.9801505818,-1.929633733759736,33.143276850036216,31.213643116276483
Connecticut,15,796.0330727155965,789.4979642949112,6.53510842068529,1186401.645448323,0.5508344029829605,66.54558912016444,67.09642352314741
Connecticut,25,1964.0958841608358,1756.0043893744141,208.09149478642166,1376373.3483915126,15.118826227607943,127.58198140254271,142.70080763015065
Connecticut,35,2972.149409316253,2293.064151073118,679.0852582431348,1345524.7686516084,50.46991880526041,170.42154886313003,220.89146766839045
Connecticut,45,5068.2410508133735,4788.280010201366,279.9610406120072,1281080.5503080082,21.853508004995984,373.76884763804486,395.62235564304086
Connecticut,55,12203.601397495779,10468.64243356144,1734.958963934338,1376981.4661190966,125.9972633345727,760.2602279801488,886.2574913147215
Connecticut,65,17945.86106902036,15186.5213514053,2759.3397176150615,988038.1368925393,279.27461649338863,1537.0379729640952,1816.3125894574837
Connecticut,75,25158.19021930469,21203.80328819059,3954.3869311141007,569204.1984941821,694.7220244642168,3725.1663540579657,4419.888378522182
Connecticut,85,38641.794165885534,37693.75057810061,948.04358778492406,299726.8980150582,316.3024720381601,12576.031990364403,12892.334462402565
Delaware,0,340,296.5912285259763,43.40877147402367,511997.250513347,8.478321207877674,57.92828540165073,66.40660660952841
Delaware,15,321,301.74038179899674,19.25961820100325,310899.8281998631,6.194798598802098,97.05389145632523,103.24869005512733
Delaware,25,709,722.9411195320672,-13.941119532067276,315400.2915811088,-4.420135270700013,229.2138399454062,224.7937046747062
Delaware,35,1054,881.5350403410963,172.46495965890364,334303.88637919235,51.589277506418526,263.6927287591248,315.2820062655433
Delaware,45,1761,1686.8626122414903,74.13738775850973,342782.26146475016,21.628128433983626,492.1090738573582,513.7372022913419
Delaware,55,4247,3701.2113726470798,545.7886273529202,402207.4024640657,135.69830490667871,920.2245781584679,1055.9228830651466
Delaware,65,6985,5649.650971158007,1335.349028841992,305645.2737850787,436.89503596936765,1848.4339382033713,2285.3289741727394
Delaware,75,8536,6928.700644176281,1607.2993558237195,149284.9555099247,1076.6653279518603,4641.258471430933,5717.923799382794
Delaware,85,9084,8573.340199579003,510.65980042099693,60550.48323066393,843.362056212937,14158.995506145355,15002.357562358293
District of Columbia,0,560,273.26376872644295,286.73623127355705,259572.58247775497,110.46476039052776,105.27451170612801,215.73927209665575
District of Columbia,15,381,276.7821863495302,104.21781365046976,193781.93018480492,53.78097614730118,142.83178317274994,196.6127593200511
District of Columbia,25,735,524.2442258399999,210.75577416000004,250687.19438740588,84.07121659126442,209.12285811849077,293.19407470975517
District of Columbia,35,1023,707.2019422405369,315.7980577594632,187085.69130732375,168.79861605273967,378.00963681333786,546.8082528660775
District of Columbia,45,1587,1437.860001968322,149.13999803167795,150259.1950718686,99.25515570634107,956.9198086550359,1056.1749643613769
District of Columbia,55,3748,3087.9978671962417,660.0021328037585,125099.18412046543,527.5830833302664,2468.4396536292556,2996.022736959522
District of Columbia,65,4730,3403.4826473997314,1326.5173526002686,96416.07802874743,1375.825878547719,3529.994910584258,4905.820789131977
District of Columbia,75,3894,3294.4117010840264,599.5882989159734,51177.65708418891,1171.5821572871753,6437.206954715828,7608.789112003004
District of Columbia,85,3851,4469.563187195167,-618.5631871951674,24758.885694729637,-2498.3482488747036,18052.360038750016,15554.011789875312
Florida,0,5611.230509664962,5925.792588544662,-314.56207887970027,11746067.343600273,-2.6780203933624325,50.4491623894296,47.771141996067165
Florida,15,6617.2552110940505,5917.478603853614,699.7766072404376,7237093.109514032,9.669305018619932,81.7659592644231,91.43526428304301
Florida,25,15466.591111226728,12587.372822247095,2879.218288979633,7703371.385352498,37.37608048411498,163.400830527024,200.77691101113896
Florida,35,23068.90751941102,16790.092083572003,6278.815435839019,7562659.301163587,83.02390978888819,222.01306993941517,305.0369797283034
Florida,45,38979.49334622115,34605.922028402085,4373.571317819067,7774665.464750171,56.25414157880562,445.11139656494663,501.3655381437522
Florida,55,90865.48169916969,80383.7609854003,10481.72071376939,10282257.76659822,101.9398749934,781.771502038452,883.7113770318521
Florida,65,143914.5137071673,120912.3578580879,23002.155849079427,8875156.40862423,259.17465326839323,1362.368754882946,1621.5434081513388
Florida,75,187186.2002774594,157747.46703177728,29438.73324568209,4304688.752224504,683.8759998726794,3664.549892260137,4348.425892132816
Florida,85,217800.3266185857,205346.06863611506,12454.257982470648,1922991.7638603696,647.6500948433061,10678.468441481347,11326.118536324651
Georgia,0,3479.0126081582202,3930.119481384519,-451.1068732262985,6764993.783709788,-6.668252590454273,58.09494593843248,51.4266933479782
Georgia,15,4219.01891223733,3437.3015485238675,781.7173637134624,4335269.691307324,18.031574028275305,79.28691392408695,97.31848795236225
Georgia,25,8145.03065512979,6055.655649794006,2089.3750053357835,4188096.947980835,49.88841068598263,144.59205995012982,194.48047063611247
Georgia,35,12248.044004944375,8836.556842364822,3411.4871625795545,4008033.8617385356,85.11622606650779,220.47111245042856,305.5873385169363
Georgia,45,21840.074412855378,18780.918701874383,3059.1557109809937,3912661.5845311433,78.18605429806355,480.0036572578999,558.1897115559634
Georgia,55,47008.15970333746,40407.964499198206,6600.195204139251,3596076.379192334,183.53879362322195,1123.668138224408,1307.2069318476301
Georgia,65,69021.21260815822,56338.61477845626,12682.59782970196,2495517.7720739217,508.21508753119303,2257.592208274901,2765.8072958060943
Georgia,75,76451.23399258344,61942.865767058574,14508.368225524857,1173351.8145106093,1236.4891796392815,5279.13836251186,6515.627542151142
Georgia,85,70328.2131025958,63358.16432634535,6970.048776250439,449672.8932238193,1550.0264483990543,14089.834028490033,15639.86047688909
Hawaii,0,318.0359353452193,410.09677794587043,-92.06084260065114,794043.0807665982,-11.59393549677081,51.64666601589778,40.05273051912697
Hawaii,15,257.0154600249103,265.35673867085734,-8.341278645947067,520766.1115674196,-1.6017322288582108,50.95507038124612,49.353338152387906
Hawaii,25,589.0310247140744,560.8676521906758,28.163372523398564,546452.2758384668,5.153857668574108,102.63799365280167,107.79185132137579
Hawaii,35,1042.0629145387625,917.6920545700483,124.37085996871411,454138.8596851472,27.386086285357738,202.0730080676824,229.45909435304014
Hawaii,45,2036.1696880996844,1859.5074490192656,176.66223908041883,418300.45790554414,42.23333628774336,444.53870749507007,486.77204378281345
Hawaii,55,4419.360663579924,4112.024310236657,307.33635334326766,494205.9055441478,62.187915987137686,832.0467772858951,894.2346932730327
Hawaii,65,7245.563854703889,6363.536032292416,882.0278224114729,439503.1115674196,200.6875035004548,1447.893283303013,1648.5807868034678
Hawaii,75,8235.701082846592,7116.385264354811,1119.3158184917802,229881.55783709788,486.9097934706735,3095.674716715523,3582.584510186197
Hawaii,85,13085.059376146944,12933.125592719402,151.9337834275434,98615.73169062287,154.06647684183883,13114.667782715627,13268.734259557465
Idaho,0,431,545.4405431464569,-114.44054314645686,1075979.900752909,-10.635936885659103,50.69244720694028,40.05651032128118
Idaho,15,598,599.1256359758326,-1.1256359758325378,606319.4483230663,-0.18565064652730107,98.81352769284737,98.62787704632007
Idaho,25,987,795.6130757313476,191.38692426865242,609796.6016427105,31.38537075363845,130.47187760444587,161.85724835808432
Idaho,35,1487,1189.6616570989647,297.33834290103516,723527.1806981519,41.09567004989708,164.42528889530126,205.52095894519837
Idaho,45,2510,2246.184283981078,263.8157160189219,586454.0663928816,44.9848898894299,383.01111931864375,427.9960092080737
Idaho,55,5969,5354.55115880193,614.4488411980703,582262.8199863108,105.52774796998308,919.6106938320082,1025.1384418019913
Idaho,65,10482,8884.882863261675,1597.1171367383256,471226.25393566047,338.9278766620652,1885.481292490716,2224.409169152781
Idaho,75,13598,11798.909702040184,1799.0902979598154,225753.88295687886,796.9255165827907,5226.448177767949,6023.37369435074
Idaho,85,14806,14434.847759962531,371.1522400374686,93190.31279945243,398.2734137143592,15489.64406957903,15887.91748329339
Illinois,0,2954.234934169061,3518.1828392405514,-563.9479050714907,7735704.375085558,-7.290194631633055,45.47979949403948,38.18960486240643
Illinois,15,3940.315042936882,3531.625677600095,408.68936533678743,4794018.647501711,8.52498489028127,73.66733292621876,82.19231781650002
Illinois,25,7722.634242963008,6350.78092214438,1371.8533208186282,5133088.744010951,26.725688746746147,123.72240650532636,150.4480952520725
Illinois,35,10975.896312666106,8432.500462393702,2543.3958502724035,4928797.483230663,51.602766373052354,171.08636520538226,222.68913157843463
Illinois,45,20010.62773148557,17392.152229029503,2618.4755024560645,4595686.373032169,56.976810206664105,378.4451508938458,435.42196110051
Illinois,55,46350.79064533283,40892.154086991635,5458.636558341199,4444976.708418891,122.8046155563068,919.963292710644,1042.7679082669508
Illinois,65,71860.82665897702,58373.60517083811,13487.221488138912,3243993.8815879533,415.7597696064963,1799.436352274003,2215.1961218804995
Illinois,75,86718.99399465375,74396.50829267412,12322.48570197964,1677779.0082135524,734.4522515572683,4434.225719148151,5168.677970705418
Illinois,85,109327.68043681576,102854.0368970879,6473.643539727847,822066.8959616701,787.4837889141432,12511.638335316642,13299.122124230787
Indiana,0,2243.023994090001,2433.523049085767,-190.4990549957663,3856618.6481861738,-4.9395357014456405,63.09991396816716,58.16037826672153
Indiana,15,2690.0317133184867,2383.4000438713065,306.63166944718046,2511137.37303217,12.210867981185999,94.91316840995353,107.12403639113953
Indiana,25,5441.062282334753,4351.495187394222,1089.5670949405317,2419622.776865161,45.03045290192564,179.84188399118872,224.87233689311435
Indiana,35,7564.087173346511,6055.677364685894,1508.4098086606173,2454791.425051335,61.447575271250315,246.68806086281882,308.1356361340691
Indiana,45,13403.159197562361,12135.904772742137,1267.2544248202253,2282456.914442163,55.52150477854452,531.703564520874,587.2250692994185
Indiana,55,30859.39836601183,27350.794151515445,3508.604214496385,2266559.9459274467,154.79865073944515,1206.709498271128,1361.5081490105733
Indiana,65,48371.613638587805,39633.99918447967,8737.614454108138,1692854.812457221,516.1467120399576,2341.252119958824,2857.398831998782
Indiana,75,56678.76416357332,48482.24398254267,8196.520181030653,859966.8774811772,953.1204509920276,5637.687363558236,6590.807814550264
Indiana,85,61594.859471174925,58984.547952682886,2610.31151849204,394026.1882272416,662.4715809464493,14969.702449996925,15632.174030943375
Iowa,0,714,871.4110232030534,-157.41102320305342,1624798.3401779602,-9.688034466222595,53.63194937210546,43.94391490588286
Iowa,15,797,774.6995108013273,22.30048919867272,1048121.1676933607,2.127663278449975,73.91316335173703,76.040826630187
Iowa,25,1463,1230.0495483594548,232.95045164054523,989967.2737850787,23.53112651389713,124.25153648326538,147.7826629971625
Iowa,35,2428,1846.5854399204588,581.4145600795412,1125235.0561259412,51.67049825849602,164.10663975205736,215.7771380105534
Iowa,45,4633,4245.232429800772,387.7675701992283,1012271.6960985626,38.306669216746755,419.37677860227586,457.68344781902266
Iowa,55,11653,10678.562827690599,974.4371723094018,1093568.6844626968,89.10617011570444,976.4876207055343,1065.5937908212386
Iowa,65,19554,16397.638410030177,3156.3615899698243,889968.4715947981,354.6599335495239,1842.4965527875472,2197.156486337071
Iowa,75,25090,22160.032690633027,2929.9673093669726,458066.5318275154,639.6379359298508,4837.732327271919,5477.37026320177
Iowa,85,34672,34239.90503656113,432.09496343886485,259088.3162217659,166.77516367392437,13215.534199254891,13382.309362928816
Kansas,0,766.0279188193674,920.4980547437198,-154.47013592435232,1681451.8459958932,-9.186711846205888,54.74424123032352,45.557529384117636
Kansas,15,1076.0369008377536,898.2591311522224,177.77776968553127,1063005.0410677618,16.724075880859225,84.50186936554353,101.22594524640274
Kansas,25,1805.071303149901,1416.5227418062493,388.5485613436517,1022383.5667351129,38.004186881098406,138.55100843705688,176.55519531815528
Kansas,35,2838.1058058695917,1966.6943732654684,871.411432604123,1063056.5201916494,81.97225792350378,185.00374494772018,266.976002871224
Kansas,45,4515.191396895402,3853.1352396572725,662.05615723813,948366.6468172484,69.8101477376934,406.2917282665443,476.1018760042376
Kansas,55,11260.488011650961,10227.971032646079,1032.5169790048826,995470.923340178,103.72146034566245,1027.4505053675905,1131.171965713253
Kansas,65,18237.741817239323,14662.219014846392,3575.522802392928,784166.5865845311,455.9646972419802,1869.7836997503646,2325.748396992345
Kansas,75,21888.980320053222,18752.24713623918,3136.7331838140417,400391.29021218343,783.4169375042501,4683.480284074514,5466.897221578764
Kansas,85,28124.35652548448,26860.752059643415,1263.6044658410628,207763.16016427104,608.1946697585728,12928.544232002228,13536.738901760802
Kentucky,0,1283.0479325911383,1377.2301566065821,-94.18222401544386,2344906.0821355237,-4.016460391866586,58.73284934944295,54.71638895757637
Kentucky,15,1792.0643289415489,1455.0736002408673,336.9907287006816,1616551.9993155373,20.846265931647512,90.01093691121342,110.85720284286091
Kentucky,25,4005.1504726432217,3171.6213316635644,833.5291409796573,1577800.2422997947,52.828559575115094,201.01539134260895,253.84395091772402
Kentucky,35,6873.270525168737,5020.902114411388,1852.368410757349,1602540.5612594113,115.58948681471139,313.30889437616105,428.8983811908725
Kentucky,45,11716.48385030257,10266.352623921675,1450.1312263808948,1583928.6824093086,91.5528105833089,648.1575046867364,739.7103152700452
Kentucky,55,25615.083964248577,21911.93139018415,3703.1525740644306,1669525.9000684463,221.80863285275242,1312.4642983547494,1534.2729312075016
Kentucky,65,37960.54887484005,30988.676516515206,6971.872358324847,1272596.1033538673,547.8464329688582,2435.075546345459,2982.9219793143175
Kentucky,75,42039.779558400245,35519.56413317744,6520.215425222807,605051.0266940452,1077.6306687468643,5870.507207838941,6948.137876585805
Kentucky,85,37998.57049286391,35901.79540127912,2096.775091584786,237936.53935660506,881.2329107814184,15088.811284874435,15970.044195655852
Louisiana,0,1873,1935.3053112661191,-62.30531126611902,2724378.7583846683,-2.28695481765762,71.03657321178042,68.74961839412279
Louisiana,15,2409,1867.0353386294307,541.9646613705692,1779127.171800137,30.46239020801444,104.94108393276618,135.40347414078062
Louisiana,25,4711,3479.78976468453,1231.21023531547,1686174.7604380562,73.0179495152454,206.37183323634292,279.3897827515883
Louisiana,35,7362,4998.549300877522,2363.450699122478,1728933.7221081452,136.69990173137728,289.1116783113368,425.811580042714
Louisiana,45,11195,9169.943570968502,2025.0564290314974,1529326.893908282,132.41488376996693,599.606507117271,732.021390887238
Louisiana,55,24842,21399.173451975268,3442.8265480247323,1662500.9356605066,207.08719461002335,1287.1676035161713,1494.2547981261946
Louisiana,65,35875,28486.388147578135,7388.611852421864,1296741.28678987,569.7830344179632,2196.767268673709,2766.5503030916725
Louisiana,75,38314,31673.309623850204,6640.690376149794,635818.3737166324,1044.4319715600695,4981.502726746643,6025.9346983067135
Louisiana,85,36499,33320.69374617029,3178.306253829709,283184.5174537988,1122.3446403097394,11766.424960575934,12888.769600885673
Maine,0,281.0174771571665,279.82158201365485,1.1958951435116774,637479.8145106091,0.18759733505126927,43.89497136132425,44.082568696375525
Maine,15,333.015663476504,289.92344418021287,43.09221929629119,368460.9117043121,11.695194232942805,78.68499343367931,90.3801876666221
Maine,25,845.0663302273213,737.4359381587294,107.63039206859182,463380.7337440109,23.22720480822816,159.14255480593997,182.36975961416815
Maine,35,1433.096769357874,1018.2677063890402,414.82906296883397,552205.2703627653,75.12225710854163,184.40021510843246,259.52247221697405
Maine,45,2430.151994303107,2242.613400975862,187.53859332724468,496835.29979466123,37.74663221489156,451.3796426909923,489.1262749058839
Maine,55,5932.371830020797,5374.190672608823,558.1811574119736,602510.3039014374,92.64259113870432,891.9666000414107,984.609191180115
Maine,65,9689.600019668494,8594.664331307493,1094.935688361001,497154.5667351129,220.24049694476398,1728.7710716910267,1949.011568635791
Maine,75,12558.748671893074,11329.238419794729,1229.510252098345,244762.79603011635,502.3272621657183,4628.660320746109,5130.987582911828
Maine,85,15292.931243895662,15039.652393571458,253.2788503242059,113910.96235455168,222.3480910782467,13202.98949521648,13425.337586294725
Maryland,0,1422.1629877625026,1749.7573066522302,-327.59431888972756,3840708.2060232717,-8.529528964891705,45.55819429104602,37.02866532615431
Maryland,15,1844.2293001208245,1817.8256686959098,26.40363142491475,2280203.429158111,1.1579506936652317,79.7220829269203,80.88003362058554
Maryland,25,4279.524429793399,4120.137914290949,159.38651550244964,2717425.0013689254,5.86535103718253,151.6191950915074,157.48454612868994
Maryland,35,5985.72402534866,4802.823545376088,1182.9004799725726,2482254.3559206026,47.65428156671987,193.4863578311598,241.14063939787962
Maryland,45,9722.224838129683,9737.779793542846,-15.55495541316327,2141199.6468172483,-0.726459834620498,454.7814963456309,454.05503651101037
Maryland,55,22375.77360632609,20539.62824668027,1836.1453596458196,2222474.0643394934,82.61717826576805,924.1785349150758,1006.7957131808438
Maryland,65,33317.0897433709,28201.322997890893,5115.76674548001,1584104.5749486652,322.9437517182723,1780.2690203583807,2103.212772076653
Maryland,75,40350.98798179961,34290.43838482769,6060.5495969719195,838164.1868583162,723.0742725585338,4091.1361905545323,4814.210463113067
Maryland,85,49501.283087348325,46176.375604043125,3324.9074833052073,371062.14168377826,896.0513913431558,12444.37802102564,13340.429412368796
Massachusetts,0,1064.0036087369422,1178.750318723844,-114.74670998690203,3496777.570841889,-3.281498684495264,33.70961677839996,30.4281180939047
Massachusetts,15,1237.005698005698,1344.4959967278082,-107.4902987221102,2461195.483230664,-4.367401917259093,54.62776142279315,50.260359505534055
Massachusetts,25,3462.01861348528,3853.3296445269416,-391.31103104166124,2634645.2114989734,-14.85251332262024,146.2561117416869,131.40359841906664
Massachusetts,35,5413.028300094967,4557.4914069785655,855.5368931164011,2387703.178644764,35.830956744045345,190.87344891693579,226.70440566098117
Massachusetts,45,9069.053751187084,9161.309245697368,-92.25549451028463,2450087.739904175,-3.7653955410549025,373.91759880630536,370.15220326525053
Massachusetts,55,21600.10750237417,19938.896220998613,1661.2112813755552,2585056.5975359343,64.26208551716103,771.3137205585475,835.5758060757086
Massachusetts,65,35098.18632478632,30457.05517855452,4641.131146231804,1894982.199178645,244.91687300511012,1607.2475610459944,1852.1644340511043
Massachusetts,75,46995.233998100666,41828.64995639172,5166.584041708949,977905.6125941137,528.3315664794507,4277.370885052173,4805.702451531623
Massachusetts,85,68206.36220322887,69470.08756140064,-1263.7253581717623,487182.5482546201,-259.39462788623774,14259.559955561652,14000.165327675415
Michigan,0,2792,3028.0598705375637,-236.05987053756388,5869422.947296373,-4.0218582415550745,51.59041864468766,47.56856040313259
Michigan,15,2889,2756.387177503087,132.6128224969131,3672770.071868583,3.610703090636004,75.04927135557737,78.65997444621337
Michigan,25,6605,5954.986110821417,650.0138891785828,3997120.81724846,16.26205258479126,148.9818892920208,165.24394187681204
Michigan,35,9960,7619.724985291807,2340.275014708193,4053875.1054072552,57.72933190730569,187.96151305027252,245.6908449575782
Michigan,45,18249,16338.038816869017,1910.9611831309833,3810299.618754278,50.15251750086111,428.7861966668779,478.938714167739
Michigan,55,43320,38728.23135009733,4591.768649902667,3813173.254620123,120.41856855937979,1015.6431078281945,1136.0616763875744
Michigan,65,69992,56672.51017687821,13319.489823121787,2865465.16495551,464.8281886661354,1977.7769721293446,2442.60516079548
Michigan,75,81860,68924.55203026155,12935.447969738456,1431635.2402464065,903.5435567730273,4814.393365896649,5717.936922669676
Michigan,85,96815,93055.82941374001,3759.1705862599956,659255.6030116358,570.2144311079365,14115.288362910975,14685.50279401891
Minnesota,0,1374,1427.607632903847,-53.60763290384699,3411141.988364134,-1.571545045228544,41.85131072742235,40.27976568219381
Minnesota,15,1490,1250.6819006208914,239.31809937910853,2041411.9397672827,11.7231654580403,61.26553275491604,72.98869821295634
Minnesota,25,2990,2228.857500943898,761.1424990561022,2271219.0985626285,33.51250874641735,98.13485199884327,131.6473607452606
Minnesota,35,4304,2956.8967211427257,1347.1032788572743,2323983.1779603013,57.965276669497726,127.23399847230891,185.19927514180662
Minnesota,45,6963,6415.083017087159,547.9169829128413,1977583.5249828885,27.706388933311036,324.3899909179647,352.09637985127574
Minnesota,55,17161,15423.043145217627,1737.9568547823726,2082820.4709103354,83.44247039317634,740.4883599245929,823.9308303177694
Minnesota,65,28051,23299.288675469194,4751.7113245308055,1525192.4606433949,311.5483092885418,1527.6294157420962,1839.1777250306382
Minnesota,75,37210,32374.358564120786,4835.6414358792135,754253.607118412,641.1161166803747,4292.237817437214,4933.353934117588
Minnesota,85,51403,51516.90934549388,-113.9093454938793,373783.82203969883,-30.474659088316887,13782.541219780875,13752.066560692558
Mississippi,0,1237.116107776885,1359.4722122764406,-122.35610449955558,1699790.227926078,-7.198306149155996,79.97882267714522,72.78051652798923
Mississippi,15,1537.1302609619252,1207.349967559955,329.78029340197014,1126178.7638603696,29.283121293420013,107.20766598557968,136.49078727899968
Mississippi,25,2708.2485753003343,2078.6830781195717,629.5654971807628,988097.5667351129,63.71491220861749,210.3722494720828,274.08716168070026
Mississippi,35,4530.421893689499,3230.1907026823355,1300.2311910071626,1086743.1923340177,119.644751416812,297.23588106816635,416.8806324849784
Mississippi,45,7870.74609810938,6554.735709049581,1316.0103890597993,1084675.4880219027,121.32756788482209,604.3038476884269,725.631415573249
Mississippi,55,17722.69991624802,15054.325432828911,2668.3744834191084,1160524.1868583162,229.92838181535288,1297.2004895117998,1527.1288713271526
Mississippi,65,26009.51610805494,20165.825415106265,5843.690692948676,877531.6940451745,665.9236051077431,2298.0167613260187,2963.9403664337615
Mississippi,75,27629.70536857725,22364.858370374954,5264.846998202297,406091.3812457221,1296.4685391873873,5507.346228764748,6803.814767952135
Mississippi,85,24749.415671281764,21895.97524900199,2853.4404222797757,167722.537303217,1701.286224355876,13054.879565420226,14756.1657897761
Missouri,0,2262.0201614361795,2072.7512413922427,189.26892004393645,3441890.1225188226,5.498982050752592,60.221307700414755,65.72028975116737
Missouri,15,2737.0232784881396,2500.1976840476427,236.82559444049662,2209350.3689253936,10.719241174757006,113.16438167585498,123.883622850612
Missouri,25,5208.0447123913145,4269.264348176195,938.7803642151191,2265103.559890486,41.44536174145201,188.47987455295893,229.92523629441098
Missouri,35,7496.071766074799,5765.846905307876,1730.224860766923,2275169.3737166324,76.04817824795575,253.42495252953418,329.4731307774899
Missouri,45,12473.109001108382,11086.56710147582,1386.5418996325607,2048852.6954140998,67.6740647454073,541.1109898867122,608.7850546321196
Missouri,55,30846.27804179163,26810.564100276286,4035.7139415153442,2270348.5475701573,177.7574613305332,1180.900797323403,1358.6582586539362
Missouri,65,46424.4120604987,38059.37364713956,8365.038413359147,1746358.4257357973,478.9989437497452,2179.3563730254236,2658.3553167751684
Missouri,75,54650.50920610872,47290.55278341529,7359.956422693431,889115.6351813826,827.7839384965911,5318.830409923885,6146.614348420477
Missouri,85,59379.531772102135,57037.57969476908,2341.952077333046,399904.46338124573,585.6278916047918,14262.801473259067,14848.429364863861
Montana,0,246,285.0608089399228,-39.060808939922836,515188.2662559891,-7.581851431475368,55.331386138029885,47.74953470655451
Montana,15,458,386.0417597083088,71.9582402916912,296000.688569473,24.310159763294674,130.41921002751405,154.72936979080873
Montana,25,764,642.7016762446232,121.29832375537688,309981.3846680356,39.13084131980291,207.335571757931,246.46641307773393
Montana,35,1195,853.0786570120939,341.9213429879061,398529.4914442163,85.79574418666733,214.05659438669238,299.8523385733597
Montana,45,1802,1525.2331105641629,276.7668894358372,344640.3785078713,80.30599624864215,442.5578677599229,522.8638640085651
Montana,55,4413,3976.1249365051967,436.8750634948032,409041.196440794,106.80466106988762,972.059775666316,1078.8644367362035
Montana,65,7411,6238.729364659344,1172.2706353406554,367802.9363449692,318.72247867025214,1696.215214227633,2014.9376928978852
Montana,75,9237,8044.815744548081,1192.1842554519192,174691.02943189596,682.4530482927271,4605.168205093431,5287.621253386158
Montana,85,10200,10229.580689818265,-29.580689818264993,77203.27994524298,-38.3153278451969,13250.18923687397,13211.873909028773
Nebraska,0,645,633.9118841603483,11.088115839651692,1076384.4216290212,1.030126004877581,58.89270333371917,59.92282933859675
Nebraska,15,598,499.0370151900615,98.96298480993852,672921.6043805613,14.706465681249165,74.15975530306174,88.86622098431091
Nebraska,25,932,760.4867611940023,171.5132388059978,608937.8665297742,28.165967044128895,124.88741511968662,153.0533821638155
Nebraska,35,1474,1215.94881871674,258.05118128325984,625650.4010951403,41.2452674579232,194.34956272518005,235.59483018310326
Nebraska,45,2671,2529.422542688919,141.5774573110814,581208.3401779602,24.359157899855973,435.200661765183,459.5598196650389
Nebraska,55,6584,6108.794065361916,475.2059346380835,628326.0568104038,75.63046757131004,972.2331262803625,1047.8635938516727
Nebraska,65,11021,9362.390904522066,1658.609095477933,504500.8165639973,328.76242040086646,1855.773191466068,2184.5356118669347
Nebraska,75,13739,12479.037876727774,1259.9621232722254,253648.06091718003,496.73635142971676,4919.823881800686,5416.560233230402
Nebraska,85,18629,19066.118977438167,-437.11897743816917,136056.98288843257,-321.27640063620186,14013.333658201494,13692.057257565293
Nevada,0,763.0501100554766,935.5438070064444,-172.49369695096777,2115175.691307324,-8.155052918765097,44.23007558432245,36.075022665557356
Nevada,15,1080.0637260699625,877.2049074765641,202.85881859339838,1183795.3894592745,17.136307540955936,74.10105794357312,91.23736548452906
Nevada,25,2309.1495241231482,1671.674648347116,637.474875776032,1222655.3292265572,52.138559456432745,136.72493043518693,188.8634898916197
Nevada,35,3608.2359080572323,2510.6940943132126,1097.54181374402,1156372.9876796715,94.91243962264289,217.11801651049146,312.03045613313435
Nevada,45,6323.3707351674975,5312.021979011649,1011.3487561558494,1341620.932238193,75.38260113970057,395.9406007589442,471.3232018986447
Nevada,55,13278.811404329095,11535.191497953607,1743.6199063754889,1384063.4873374403,125.97831835949498,833.4293624163267,959.4076807758217
Nevada,65,21935.35751168644,18137.0335102077,3798.3240014787407,979499.0396988364,387.7823098883895,1851.664246223686,2239.446556112075
Nevada,75,25027.640014655346,20184.19853007441,4843.441484580938,440429.0020533881,1099.7099332695225,4582.849548047636,5682.559481317158
Nevada,85,20187.3210658558,18335.385768609292,1851.9352972465058,150703.0239561944,1228.8640590150449,12166.5679209854,13395.431980000447
New Hampshire,0,197,206.26074119404558,-9.260741194045565,794782.5920602328,-1.165191750116205,25.95184434769478,24.786652597578573
New Hampshire,15,273,347.07336258613435,-74.07336258613434,450624.6427104723,-16.437929834593334,77.02050214087605,60.582572306282714
New Hampshire,25,784,796.2854575904739,-12.285457590473882,566763.803559206,-2.167650353343446,140.4968794037129,138.32922905036946
New Hampshire,35,1068,920.2402299426648,147.75977005733517,623301.3887748118,23.70599082857463,147.6396886827942,171.34567951136884
New Hampshire,45,1901,2030.874990218295,-129.87499021829484,522638.06160164275,-24.8498913034172,388.58153269484563,363.7316413914284
New Hampshire,55,4822,4612.109169680318,209.89083031968266,610970.3141683778,34.35368715178503,754.88269441668206,789.2363815684671
New Hampshire,65,8072,6843.295072019752,1228.7049279802477,460952.7885010267,266.5576515928835,1484.5978249255152,1751.1554765183987
New Hampshire,75,10397,9059.606401676925,1337.3935983230756,213524.54620123203,626.3418525487347,4242.887556889537,4869.229409438271
New Hampshire,85,13380,12888.321410091396,491.6785899086044,92412.53935660506,532.0474833088356,13946.50715132656,14478.554634635395
New Jersey,0,1260.0416613030065,1818.5282314588246,-558.4865701558182,5110328.85557837,-10.928583774920499,35.58534651784184,24.656762742921348
New Jersey,15,1632.0462535460354,1873.1751566111764,-241.12890306514117,2994818.7775496235,-8.051535701349987,62.54719553160469,54.49565983025471
New Jersey,25,4552.137878720881,4806.905453216147,-254.76757449526684,3517389.5119780973,-7.243086772951441,136.66116410612872,129.4180773331773
New Jersey,35,7172.227158862337,6006.101866281649,1166.125292580688,3622990.080766598,32.18681990799004,165.77748578905306,197.9643056970431
New Jersey,45,13583.417597385222,12642.667332006175,940.7502653790464,3539126.8795345654,26.58142240729062,357.22560287719404,383.8070252844846
New Jersey,55,30899.969946075344,26642.399971962426,4257.569974112917,3498295.289527721,121.70413363497684,761.5823641794179,883.2864978143947
New Jersey,65,46760.452829108464,38892.419026948,7868.033802160467,2480597.1451060916,317.1830548012649,1567.8651853517565,1885.0482401530212
New Jersey,75,62030.96574522919,52787.91771707661,9243.048028152574,1358935.6290212183,680.1682015512343,3884.504651268687,4564.672852819921
New Jersey,85,85812.74092976953,82828.546849439,2984.194080330539,655332.7357973991,455.3708242118282,12639.159059962793,13094.529884174619
New Mexico,0,455.084050954027,599.8217101432093,-144.7376591891823,1162390.8562628338,-12.451720383840922,51.60241126394242,39.1506908801015
New Mexico,15,1039.1819678823579,812.5380354655615,226.6439324167963,651736.7173169062,34.775381898054235,124.67274190268857,159.44812380074282
New Mexico,25,2759.451534825698,1762.0960462513772,997.3554885743208,663584.5660506502,150.29817443014406,265.5420479018313,415.84022233197544
New Mexico,35,3709.639966665759,2264.183228543776,1445.4567381219829,687038.2963723477,210.38954389503232,329.557062611933,539.9466065069654
New Mexico,45,4916.84297310816,3791.5247716240883,1125.3182014840713,657005.6687200548,171.27983137137298,577.0916374299395,748.3714688013126
New Mexico,55,9406.573757742339,7342.545950203536,2064.027807538803,840189.144421629,245.66227988575622,873.9158318045173,1119.5781116902735
New Mexico,65,13942.223312132242,10803.498054096943,3138.725258035301,729495.4996577686,430.25971503700634,1480.9547227042844,1911.2144377412906
New Mexico,75,15803.447625869125,12546.430467436396,3257.017158432728,349728.14852840523,931.2996886689521,3587.4808820020853,4518.780570671038
New Mexico,85,16965.554810820293,14874.811866235117,2090.7429445851744,150963.88227241614,1384.9292381156465,9853.225581065371,11238.154819181018
New York,0,3676.1004376117157,4202.420585488522,-526.3201478768069,10338731.844626967,-5.090761186057216,40.64735064845035,35.55658946239314
New York,15,3904.1107561488648,3572.9524760199397,331.15828012892524,6766470.874058864,4.894106341291027,52.80378121064321,57.69788755193423
New York,25,10065.2859999588,8196.012888214957,1869.273111743843,7760181.342231348,24.08800811871692,105.61625465647032,129.70426277518723
New York,35,15769.442655553732,10958.51274303917,4810.929912514562,7088465.091033539,67.86983995449289,154.59641265499067,222.46625260948358
New York,45,28549.801633069623,24633.782002773707,3916.0196302959143,6797029.9863107465,57.613687716293704,362.4197929446578,420.0334806609515
New York,55,67106.86456011029,55536.390169986524,11570.474390123763,7055373.050650239,163.99521764561268,787.150300505629,951.1455181512418
New York,65,103739.90878486513,83028.13638541855,20711.772399446574,5123891.174537987,404.21959979105367,1620.4117838803447,2024.6313836713987
New York,75,129872.59702109447,108778.65249077238,21093.94453032208,2782792.826146475,758.0134723694943,3908.9741596540507,4666.987632023544
New York,85,177514.8881515874,167296.31500228625,10218.573149301152,1454720.8740588638,702.4421888434157,11500.234717572133,12202.676906415549
North Carolina,0,3394.076347869304,3491.7925916196737,-97.71624375036987,6244525.546885694,-1.564830554646437,55.91766044357237,54.35282988892594
North Carolina,15,4150.08984875311,3387.3284175220474,762.7614312310629,4317816.181382615,17.665444733842698,78.45003759371212,96.11548232755483
North Carolina,25,8623.190182807175,6479.881690313168,2143.3084924940063,4000740.7049965775,53.572791903689236,161.96704980706096,215.5398417107502
North Carolina,35,11822.26643468994,8728.447180295743,3093.8192543941955,3614214.7713894593,85.6014224413343,241.50327892495866,327.104701366293
North Carolina,45,21038.49182700225,18006.106998669107,3032.3848283331445,3883841.0342231346,78.07695530308173,463.61596265153986,541.6929179546215
North Carolina,55,45930.0730740819,40459.69863713815,5470.374436943752,3836307.830937714,142.594772839348,1054.6520357634736,1197.2468086028214
North Carolina,65,70956.70265838517,60030.69964976477,10926.003008620402,2807263.6721423683,389.20473046559977,2138.4061727252088,2527.6109031908086
North Carolina,75,84400.04864663906,71503.14142294174,12896.907223697326,1356191.0889801506,950.9653417200773,5272.350040045741,6223.315381765818
North Carolina,85,85365.0609797721,80531.53524173562,4833.525738036473,559677.3292265572,863.6272161883232,14388.922158599082,15252.549374787406
North Dakota,0,202,286.10767681729885,-84.10767681729882,315007.46064339497,-26.70021739977554,90.82568274190427,64.12546534212872
North Dakota,15,307,247.95998657499234,59.04001342500766,231319.70978781657,25.523122728782383,107.19362686493056,132.71674959371293
North Dakota,25,616,523.9697453869748,92.03025461302528,211395.273100616,43.53467949551664,247.86256461732015,291.3972441128368
North Dakota,35,875,586.8012351978325,288.1987648021675,218640.96440793975,131.8137091018529,268.3857696963778,400.1994787982307
North Dakota,45,1259,1022.1337003159185,236.86629968408147,194101.3367556468,122.03228666182306,526.5979706274138,648.6302572892369
North Dakota,55,2913,2497.551719981597,415.44828001840295,237567.8918548939,174.87560156999587,1051.3001990635578,1226.1758006335535
North Dakota,65,4537,3621.7865912401594,915.2134087598404,205334.5564681725,445.71816088915426,1763.8465991970268,2209.564760086181
North Dakota,75,5607,4896.368241688989,710.631758311011,100759.32375085558,705.2764268924312,4859.469138355955,5564.745565248387
North Dakota,85,7788,8265.706882796238,-477.70688279623806,57115.12114989733,-836.3930132311324,14472.011468036773,13635.61845480564
Ohio,0,3915,3940.350852434463,-25.350852434463093,6357886.104722792,-0.3987308362701223,61.97580119447995,61.57707035820983
Ohio,15,3918,3777.3777012173055,140.6222987826946,4030509,3.488946403114212,93.7196195621274,97.2085659652416
Ohio,25,9191,8268.637794882774,922.3622051172266,4213361.002737851,21.89136426994681,196.24802597047335,218.13939024042014
Ohio,35,13460,11100.171317870441,2359.8286821295596,4278409.90622861,55.1566758176692,259.44618587645255,314.60286169412177
Ohio,45,23338,21294.491868852878,2043.5081311471215,4009557.6310746064,50.96592490178121,531.0932982685603,582.0592231703415
Ohio,55,55754,49579.83204022333,6174.167959776668,4199818.643394935,147.01034697026256,1180.5231665942922,1327.5335135645548
Ohio,65,88019,71108.28536542477,16910.714634575226,3284831.0260095824,514.8123145657933,2164.7471301379915,2679.5594447037847
Ohio,75,102776,88612.4016743743,14163.598325625697,1656524.9158110884,855.0187317098541,5349.294829712041,6204.313561421895
Ohio,85,119322,113886.23797171973,5435.762028280262,773717.0848733744,702.5516347709798,14719.364506518325,15421.916141289305
Oklahoma,0,1411,1545.1956818572864,-134.19568185728647,2184333.7686516084,-6.1435520424209535,70.73990724463036,64.59635520220941
Oklahoma,15,1517,1289.636498204006,227.3635017959939,1437667.9664613279,15.814743536063185,89.7033618533154,105.51810538937859
Oklahoma,25,2994,2407.584587312758,586.4154126872422,1283326.681724846,45.694944322288606,187.60496618654113,233.29991050882975
Oklahoma,35,5056,3740.6365452879777,1315.3634547120223,1319475.655030801,99.6883458741281,283.4941691440801,383.1825150182082
Oklahoma,45,8912,7741.765849203236,1170.2341507967635,1223528.8692676248,95.64417973212497,632.7407586089303,728.3849383410553
Oklahoma,55,20152,18137.795034419312,2014.2049655806877,1320179.6242299795,152.57052363276037,1373.8884240846041,1526.4589477173645
Oklahoma,65,31049,25185.90024227793,5863.099757722069,1049956.8446269678,558.4134041056831,2398.7557556449915,2957.1691597506747
Oklahoma,75,34752,29790.89912301098,4961.100876989021,531031.3805612593,934.2387396664806,5610.007282719203,6544.246022385684
Oklahoma,85,33264,30850.631027426516,2413.368972573484,227871.98973305954,1059.0897878236913,13538.57973661724,14597.669524440931
Oregon,0,805.0071551936837,935.8699711680597,-130.86281597437608,2377229.2245037644,-5.5048463406675925,39.368099698648884,33.8632533579813
Oregon,15,1224.0078953861337,993.588824015429,230.41907137070461,1439891.3080082135,16.002532280678942,69.00443238245879,85.00696466313772
Oregon,25,2576.0197384653343,1790.3151320692948,785.7046063960395,1633721.3607118411,48.09293832417629,109.58509664642096,157.67803497059725
Oregon,35,3813.0303478904516,2639.606823966301,1173.4235239241507,1731163.9828884327,67.78234387514829,152.47583995839256,220.25818383354084
Oregon,45,6566.060449050086,5536.887098144072,1029.173350906014,1503226.7118412047,68.46428039090968,368.3334692318166,436.7977496227263
Oregon,55,15250.133481371824,14118.443683986876,1131.6897973849466,1431472.6283367556,79.0577322250213,986.2880647876067,1065.345797012628
Oregon,65,26666.225265235626,22756.688428876205,3909.536836359423,1224879.1978097195,319.17733955726425,1857.872063593603,2177.049403150867
Oregon,75,32434.24599062423,27527.770032991786,4906.475957632444,571190.555099247,858.9910869201822,4819.367159915434,5678.358246835616
Oregon,85,37977.269676782635,37263.70367578197,713.5660010006577,254453.8090349076,280.4304654377432,14644.584735090328,14925.015200528074
Pennsylvania,0,3369.1812475229867,3468.7804363231526,-99.59918880016619,6536518.14989733,-1.5237346017578273,53.067709088785094,51.54397448702726
Pennsylvania,15,3763.199708978602,3859.325751405635,-96.12604242703293,4169377.7638603696,-2.305524897749518,92.5635903001588,90.25806540240927
Pennsylvania,25,8746.456368581566,8740.629663276453,5.826705305112483,4579075.0616016425,0.12724633745301506,190.88199135611475,191.0092376935678
Pennsylvania,35,12459.660575006343,10325.362096655768,2134.2984783505754,4647221.273785079,45.92633646239589,222.18356924171042,268.10990570410627
Pennsylvania,45,21884.191170166356,20819.8579911819,1064.3331789844542,4318826.969199179,24.644033821568197,482.0720565946275,506.7160904161957
Pennsylvania,55,53905.96203532028,49010.8744095505,4895.087625769772,4867796.904859685,100.56063803489504,1006.8389328367685,1107.3995708716634
Pennsylvania,65,88069.89387354976,73380.49204936925,14689.401824180524,3914710.5010266937,375.2359675211743,1874.4806807584896,2249.716648279664
Pennsylvania,75,110455.20455252628,97755.23495579012,12699.96959673616,2009265.728952772,632.0701843332278,4865.221834383255,5497.292018716483
Pennsylvania,85,146799.25046834783,147022.37269544724,-223.12222709941852,1020313.9438740588,-21.867997437361236,14409.52302751189,14387.65503007453
Rhode Island,0,205.0129455076822,246.49514365650109,-41.482198148818895,595153.8542094456,-6.969995717144519,41.41704567870527,34.44704996156075
Rhode Island,15,232.01953183738897,210.52589522593865,21.4936366114503,412541.70910335385,5.210051768623839,51.031420721921656,56.2414724905455
Rhode Island,25,586.0426690622257,504.62739709936056,81.41527196286518,448379.1273100616,18.157685539756443,112.54480112103934,130.70248666079578
Rhode Island,35,848.0684321638106,746.8908644699131,101.17756769389739,417767.1704312115,24.21864973005509,178.78160787478495,203.00025760484007
Rhode Island,45,1541.152656513647,1511.7663531551075,29.38630335853955,383634.6303901437,7.659971501700628,394.06409990091123,401.7240714026118
Rhode Island,55,3862.3160598711197,3581.0560569839313,281.2600028871879,426807.932238193,65.89849476607719,839.0322171860234,904.9307119521008
Rhode Island,65,6290.560250223587,5558.306801593376,732.2534486302113,320608.36002737854,228.39499524207045,1733.6749425743988,1962.0699378164688
Rhode Island,75,8124.732261048701,7179.038819111658,945.6934419370428,164533.5564681725,574.7723821432005,4363.267270953556,4938.039653096756
Rhode Island,85,12376.095193771838,12722.534753704214,-346.43955993237546,88541.4045174538,-391.27407320953813,14369.022970712276,13977.748897502739
South Carolina,0,1617.016327918981,1714.3866573172008,-97.37032939821975,2539614.090349076,-3.8340600553541573,67.50579404296637,63.67173398761221
South Carolina,15,2319.026428008129,1895.1141082357985,423.9123197723308,1755047.7275838465,24.15389126516382,107.98077331177652,132.13466457694034
South Carolina,25,4588.050708588154,3432.8119168895655,1155.2387916985883,1666802.8028747432,69.30866625050918,205.95189250755863,275.2605587580678
South Carolina,35,6656.063591208614,4865.5060669090635,1790.5575242995496,1630891.87816564,109.79008162782043,298.33406690219,408.1241485300105
South Carolina,45,11563.124599300529,9944.048402778039,1619.076196522491,1688086.993155373,95.9118933495313,589.072034977926,684.9839283274572
South Carolina,55,25693.26819746021,22563.670799602358,3129.597397857852,1887631.5722108143,165.79492756589326,1195.342943600776,1361.1378711666694
South Carolina,65,40041.44319239497,32652.09923300251,7389.343959392456,1514096.0328542094,488.0366766078151,2156.5408352236627,2644.5775118314778
South Carolina,75,45444.51080579401,37388.37002774633,8056.1407780476875,727488.8412046543,1107.3902885860714,5139.373679716467,6246.763968302537
South Carolina,85,42795.4961493264,38041.613942519136,4753.882206807265,285669.43600273784,1664.119995938839,13316.655248395053,14980.77524433389
South Dakota,0,351,386.5734724946157,-35.57347249461569,464845.4394250513,-7.652752824382895,83.16172209256327,75.50896926818037
South Dakota,15,368,318.47787435870777,49.52212564129225,273784.4661190965,18.087996862374975,116.32430388514797,134.41230074752292
South Dakota,25,632,517.5265458329001,114.4734541670999,252289.45448323066,45.37385615327366,205.13205630927365,250.50591246254734
South Dakota,35,996,667.3368617318976,328.66313826810244,288430.4750171116,113.94882536202321,231.3683606741995,345.3171860362227
South Dakota,45,1489,1268.6733745012998,220.32662549870025,252356.8049281314,87.30758243727448,502.73000360049923,590.0375860377736
South Dakota,55,3302,2987.825321286298,314.17467871370206,297961.3846680356,105.4414078064948,1002.7558855034489,1108.1972933099437
South Dakota,65,5533,4430.40437718084,1102.5956228191603,243233.69199178644,453.3071112765056,1821.4599880885116,2274.7670993650167
South Dakota,75,6450,5759.839977711103,690.1600222888969,120664.96030116358,571.9639078041794,4773.415549414937,5345.379457219116
South Dakota,85,8905,9054.61930290234,-149.61930290234056,67579.53045859002,-221.39736971688666,13398.464359634227,13177.06698991734
Tennessee,0,2545.018666711751,2649.5347403891033,-104.51607367735204,3811368.1642710473,-2.742219307416121,69.51663093654052,66.77441162912439
Tennessee,15,3366.0234290059925,2644.1253187059892,721.8981103000032,2528619.9062286103,28.549095438258288,104.56792308693215,133.11701852519045
Tennessee,25,7074.04887938074,5251.466569966806,1822.5823094139341,2460841.9021218345,74.06336456813548,213.40121709723755,287.46458166537303
Tennessee,35,10788.069707713536,7558.043975646499,3230.025732067036,2380538.259411362,135.68468052539208,317.49306887911075,453.1777494045028
Tennessee,45,18840.12967514862,16042.180943442065,2797.948731706555,2386313.6173853525,117.24983301952678,672.2578636172407,789.5076966367674
Tennessee,55,39807.291536600605,34730.65097426337,5076.6405623372375,2460509.83504449,206.32474172757952,1411.5225421822133,1617.8472839097926
Tennessee,65,58691.44692436798,48632.86469986564,10058.582224502337,1917882.344969199,524.4629448144733,2535.758506116634,3060.221450931108
Tennessee,75,65659.50043755937,55705.14260836853,9954.357829190834,955094.212183436,1042.238315572474,5832.4238486401555,6874.662164212629
Tennessee,85,59522.4707435114,57344.197378351986,2178.273365159418,382596.10472279263,569.3401836220133,14988.18118388851,15557.521367510522
Texas,0,9213.210580464682,9848.546105460398,-635.3355249957153,19180260.037645448,-3.312444793494617,51.34730231045083,48.0348575169562
Texas,15,10620.241092366234,8841.642511096163,1778.598581270071,11277530.14236824,15.771171159082991,78.40052209551843,94.17169325460142
Texas,25,18764.43132811881,14325.539772164357,4438.891555954453,11239678.726214921,39.49304659039214,127.4550645184556,166.94811110884777
Texas,35,29274.66028728496,21115.576836558,8159.083450726961,10821186.849418206,75.39915504892727,195.13180144092297,270.5309564898502
Texas,45,51941.171741066515,42677.38310753186,9263.788633534661,9503331.214921286,97.47938300823908,449.0781405211219,546.557523529361
Texas,55,109225.44560615979,92857.72042291232,16367.72518324747,8960302.0862423,182.66934558354424,1036.3235472327056,1218.9928928162497
Texas,65,162316.6648642436,127872.55667781625,34444.10818642734,6564892.5633128,524.6713157030863,1947.824057204201,2472.495372907287
Texas,75,179880.06172251925,148751.89440203644,31128.16732048281,3146229.613278576,989.3800245572425,4727.941462830085,5717.321487387328
Texas,85,181450.11277777614,167526.07914742423,13924.033630351925,1307789.4599589324,1064.699942664255,12809.866134927019,13874.566077591275
Utah,0,1086.0322354067005,1232.7661340773584,-146.73389867065796,2169932.308692676,-6.762141753585902,56.81127144560863,50.04912969202273
Utah,15,1074.0333633864304,1073.98409176328,0.04927162315037492,1486940.6427104722,0.0033136240771897973,72.22777163488963,72.23108525896683
Utah,25,1740.0459921130391,1744.397159311611,-4.351167198571915,1119373.7173169062,-0.3887144330136219,155.83688738849978,155.44817295548617
Utah,35,2829.085835698532,2471.045533512845,358.0403021856871,1072688.0102669406,33.37785998899979,230.36013359540772,263.7379935844075
Utah,45,3922.1204044217593,3434.7643181135704,487.35608630818905,941347.6625598904,51.77216725464408,364.87734072373536,416.64950797837946
Utah,55,7600.234594080528,6946.714351240929,653.5202428395994,772353.2936344969,84.6141588604226,899.4218589463728,984.0360178067954
Utah,65,12550.399332010602,10356.117648707112,2194.2816833034904,590082.1334702258,371.8603832993714,1755.0298613183918,2126.890244617763
Utah,75,16882.48592002515,14796.501568143178,2085.9843518819716,289358.8234086242,720.8988228902923,5113.547737664106,5834.446560554397
Utah,85,19232.56232285726,18721.946503130115,510.615819727142,120561.3401779603,423.5319705084758,15528.980082250822,15952.5120527593
Vermont,0,77,109.09042687791862,-32.09042687791862,321709.96098562627,-9.974955944666068,33.90955833126743,23.93460238660136
Vermont,15,166,137.85063032755173,28.149369672448294,212419.14305270364,13.251804553916363,64.8955778403406,78.14738239425695
Vermont,25,344,336.1968610146764,7.803138985323578,255221.56810403834,3.057397947708993,131.72744902093436,134.78484696864336
Vermont,35,543,417.51881559639753,125.48118440360244,267739.6043805613,46.86687451186537,155.9421201664817,202.80899467834706
Vermont,45,928,839.9962869599733,88.00371304002675,223306.86173853526,39.409318797855946,376.1623267732387,415.5716455710946
Vermont,55,2220,2108.420432204136,111.5795677958638,276768.9055441478,40.31506631010093,761.7981608370449,802.1132271471458
Vermont,65,3652,3397.6709316704464,254.32906832955342,236522.4271047228,107.52852126658863,1436.5111052095249,1544.0396264761137
Vermont,75,4775,4254.526648238826,520.473351761174,112088.69130732375,464.34064461877324,3795.678759932885,4260.019404551658
Vermont,85,6377,6237.988955110073,139.01104488992678,49538.405201916496,280.61267681776087,12592.228049498743,12872.840726316503
Virginia,0,2224.075932045468,2342.2922134700643,-118.21628142459636,4978850.31485284,-2.374369060100785,47.04484098432462,44.67047192422384
Virginia,15,2665.0884751298468,2171.707899797415,493.38057533243193,3402823.0396988364,14.499154660011298,63.82077100282064,78.31992566283193
Virginia,25,5293.168984092983,4058.1110410546084,1235.057943038374,3522844.3244353184,35.05854444011923,115.19416321937781,150.25270765949705
Virginia,35,7663.252325279746,5637.262903883873,2025.9894213958744,3218894.3894592747,62.94053722390717,175.1304088243432,238.0709460482503
Virginia,45,13478.46265008512,12082.556767269769,1395.9058828153504,3047708.2525667353,45.801821143468665,396.44728976581064,442.24911090927935
Virginia,55,31539.06405361368,28030.69374203379,3508.370311579889,3136557.6509240246,111.85416313155694,893.6769816354561,1005.5311447670132
Virginia,65,49213.60648632877,40787.60721130772,8425.999275021053,2381247.7460643398,353.84807351302743,1712.867015988586,2066.715089501613
Virginia,75,60971.99449104887,50759.30779301417,10212.686698034699,1214718.9541409994,840.7448211143377,4178.6873926659955,5019.432213780333
Virginia,85,68324.28660237552,61887.190945168586,6437.095657206931,498742.90691307327,1290.6641012799132,12408.635809622654,13699.299910902566
Washington,0,1585.05795640597,1644.2301677359542,-59.17221132998418,4090224.3627652293,-1.4466739738937042,40.19902142053545,38.75234744664174
Washington,15,2122.0742605963624,1859.4597932168092,262.61446737955305,2580602.753593429,10.176477840840422,72.05525106983455,82.23172891067497
Washington,25,4412.147601196965,3375.3799919161,1036.7676092808654,3089935.0930869267,33.553054612713794,109.23789303755267,142.79094765026645
Washington,35,6374.213393983073,4599.498486838463,1774.7149071446102,2949557.770704997,60.16884716655073,155.93857942097878,216.10742658752952
Washington,45,10747.373780723257,9566.335997935115,1181.0377827881412,2552138.4134154688,46.276400080024864,374.83609617915295,421.1124962591779
Washington,55,24423.87565692215,22759.498136785598,1664.3775201365502,2584970.3353867214,64.38671644901305,880.4549060088417,944.8416224578548
Washington,65,40435.433486272894,35138.30587537919,5297.1276108937,2021322.616016427,262.0624520262455,1738.381869225255,2000.4443212515007
Washington,75,48455.72143208747,41742.13024950811,6713.591182579352,969929.06091718,692.1734230986826,4303.627134342804,4995.800557441488
Washington,85,58031.10243181187,57431.128237684665,599.9741941272032,429058.33401779603,139.83511018394952,13385.389277930353,13525.224388114302
West Virginia,0,501,503.8351151593546,-2.8351151593546007,814272.1245722108,-0.3481778478962506,61.87552047468791,61.527342626791665
West Virginia,15,591,576.0831694086205,14.916830591379433,556369.7932922656,2.6811000113989834,103.54321466658045,106.22431467797945
West Virginia,25,1791,1489.6408027447335,301.35919725526657,541827.4517453798,55.61903448865559,274.9290014646135,330.5480359532691
West Virginia,35,3115,2303.382045341729,811.6179546582713,668971.0513347023,121.32332976725465,344.31714806584233,465.64047783309695
West Virginia,45,5285,4289.252904903789,995.7470950962111,679475.0937713895,146.54651866183514,631.259768639425,777.8062873012601
West Virginia,55,11388,9621.349434958165,1766.6505650418346,724664.767282683,243.78866543579116,1327.6965942522484,1571.4852596880396
West Virginia,65,18138,14192.940130809744,3945.0598691902555,637934.2101300479,618.4117118262124,2224.828188461064,2843.2399002872767
West Virginia,75,20076,16559.063907473203,3516.936092526798,307675.77823408623,1143.0656364021734,5381.984894135773,6525.0505305379465
West Virginia,85,18786,17158.91288420066,1627.0871157993377,126851.32580424368,1282.672534546663,13526.79033933016,14809.462873876824
Wisconsin,0,1444.014573141442,1653.4046836741659,-209.39011053272378,3246491.9815195072,-6.449734412549499,50.92896249508975,44.479228082540246
Wisconsin,15,1647.0192331151566,1450.001671431668,197.01756168348854,1987653.636550308,9.912067075500353,72.95041976972573,82.86248684522607
Wisconsin,25,3430.039451959047,2833.5449329227176,596.494519036329,2122496.7802874744,28.103435754354305,133.50055270938682,161.6039884637411
Wisconsin,35,5009.0568955896615,3654.2056011288355,1354.8512944608258,2335019.891170431,58.023115759485265,156.49569474533092,214.51881050481617
Wisconsin,45,8465.104722744112,7878.342414778729,586.7623079653838,2060627.7843942505,28.474929456406926,382.3272924127186,410.8022218691254
Wisconsin,55,21191.24388910424,18772.486917014296,2418.756972089944,2247725.158110883,107.6091070726283,835.1771500743342,942.7862571469625
Wisconsin,65,34854.404800539305,28952.706985190798,5901.697815348507,1717147.0171115673,343.6920517892417,1686.0936598132685,2029.7857116025102
Wisconsin,75,44193.49311968072,38641.53759804879,5551.955521631933,849158.1834360027,653.8187619139114,4550.570005895848,5204.38876780976
Wisconsin,85,58969.623314126315,57832.91388681001,1136.7094273162993,416572.31006160163,272.8720560298896,13883.043229219396,14155.915285249284
Wyoming,0,105,148.01892677892906,-43.018926778929064,260288.60164271048,-16.527395555330433,56.867233464994264,40.339837909663835
Wyoming,15,229,180.91202161869109,48.0879783813089,159938.4907597536,30.066545052962077,113.11349804497168,143.18004309793375
Wyoming,25,406,278.67760905909483,127.32239094090512,163490.41273100616,77.87758854728139,170.45501592659645,248.33260447387786
Wyoming,35,575,439.48829494237583,135.51170505762417,206198.92470910336,65.71891936332757,213.13801493503766,278.8569342983653
Wyoming,45,855,778.469911207701,76.530088792299,171972.6577686516,44.501311886016246,452.67074505236025,497.17205693837656
Wyoming,55,2271,1858.4598584465539,412.54014155344606,212864.68651608488,193.80393634351037,873.0710052773932,1066.8749416209037
Wyoming,65,3594,2759.36517822448,834.6348217755198,193845.189596167,430.5677244373689,1423.489117255372,1854.056841692741
Wyoming,75,4063,3279.2588161084964,783.7411838915036,88932.93908281998,881.2721045479384,3687.3388532168524,4568.610957764791
Wyoming,85,4457,3945.3439866136773,511.6560133863228,38740.360711841204,1320.7311547564716,10184.066214457733,11504.797369214204
